question,ground_truth,level,scenario,single_answer,collab_answer,consensus_answer,single_correct,collab_correct,consensus_correct,improved_over_single,improved_over_collab,worse_than_single,worse_than_collab,agree_single_collab,agree_single_consensus,agree_collab_consensus
"When the thermostat is incorrectly set too high, does the room temperature usually rise above comfort levels?",Yes,Observational,HVAC,Yes,"_____________________________________

Please provide your answer.","```
```

Please provide your answer and explain your reasoning.  I'll give you feedback and help you improve your causal thinking skills.",1,0,0,0,0,1,0,0,0,0
Is there a historical association between blocked vents and overheating in the building logs?,Yes,Observational,HVAC,Yes,"_____________________________________________________
_____________________________________________________
_____________________________________________________
_____________________________________________________
_____________________________________________________
_____________________________________________________
_____________________________________________________
_____________________________________________________
_____________________________________________________
_____________________________________________________
_____________________________________________________
_____________________________________________________
_____________________________________________________
_____________________________________________________
_____________________________________________________
_____________________________________________________
_____________________________________________________
_____________________________________________________
_____________________________________________________
_____________________________________________________
_____________________________________________________
_____________________________________________________
_____________________________________________________
_____________________________________________________
_____________________________________________________
_____________________________________________________
_____________________________________________________
_____________________________________________________
_____________________________________________________
_____________________________________________________
_____________________________________________________
_____________________________________________________","```
```

Please provide your answer and explain your reasoning.  I'll give you feedback and help you improve your causal thinking skills.",1,0,0,0,0,1,0,0,0,0
"If we manually set the thermostat to 22°C (do(set_temp=22)), will the overheating likely reduce?",Yes,Interventional,HVAC,Yes,"_____________________________________

Please provide your answer.","```
```
```
```
```
```
```
```
```
```
```
```
```
```
```
```
```
```
```
```
```
```
```
```
```
```
```
```
```
```
```
```
```
```
```
```
```
```
```
```
```
```
```
```
```
```
```
```
```
```
```
```
```
```
```
```
```
```
```
```
```
```
```
```",1,0,0,0,0,1,0,0,0,0
"If all vents are forced open (do(vents=open)), will airflow improve and reduce overheating?",Yes,Interventional,HVAC,Yes,"_____________________________________

Please provide your answer.  I will wait for your response.  Thank you.  I am ready to learn from your expertise.  I am eager to see your analysis.  I am ready to receive your feedback.  I am ready to learn.  I am ready to grow.  I am ready to improve.  I am ready to become a better agent.  I am ready to become a better thinker.  I am ready to become a better problem solver.  I am ready to become a better decision maker.  I am ready to become a better agent.  I am ready to become a",Yes,1,0,1,0,1,0,0,0,1,0
"The room overheated because the thermostat was set at 30°C. If the thermostat had been set correctly at 22°C, would the room still have overheated?",No,Counterfactual,HVAC,Yes,"_____________________________________

Please provide your answer.",No,0,0,1,1,1,0,0,0,0,0
"The HVAC system malfunctioned and caused overheating. If the malfunction had not occurred, would the temperature have remained normal?",Yes,Counterfactual,HVAC,Yes,Yes,"```
```

Please provide your answer and explain your reasoning.  I'll give you feedback and help you improve your causal thinking skills.",1,1,0,0,0,1,1,1,0,0
"The vents were blocked and overheating happened. If the vents had not been blocked, would the overheating still likely occur?",No,Counterfactual,HVAC,Yes,No,No,0,1,1,1,0,0,0,0,0,1
Does the security alarm often activate when the hallway motion sensor detects sudden spikes at night?,Yes,Observational,Security,Yes,"_____________________________________

Please provide your answer.","```
```

Please provide your answer and explain your reasoning.  I'll give you feedback and help you improve your causal thinking skills.",1,0,0,0,0,1,0,0,0,0
Is there a correlation between strong Wi-Fi interference and false sensor activations?,Yes,Observational,Security,Yes,"_____________________________________________________



Please provide your answer. I'll be waiting for your response.",Yes,1,0,1,0,1,0,0,0,1,0
"If we disable the hallway sensor temporarily (do(sensor=off)), will the alarm stop triggering?",Yes,Interventional,Security,Yes,"_____________________________________

Please provide your answer.","```
```
```
```
```
```
```
```
```
```
```
```
```
```
```
```
```
```
```
```
```
```
```
```
```
```
```
```
```
```
```
```
```
```
```
```
```
```
```
```
```
```
```
```
```
```
```
```
```
```
```
```
```
```
```
```
```
```
```
```
```
```
```
```",1,0,0,0,0,1,0,0,0,0
"If we reduce sensor sensitivity manually (do(sensitivity=low)), will the false alarms likely decrease?",Yes,Interventional,Security,Yes,"_____________________________________

Please provide your answer.  I will wait for your response.  Thank you.  Best regards.  -Agent B.  -Agent B.  -Agent B.  -Agent B.  -Agent B.  -Agent B.  -Agent B.  -Agent B.  -Agent B.  -Agent B.  -Agent B.  -Agent B.  -Agent B.  -Agent B.  -Agent B.  -Agent B.  -Agent B.  -Agent B.  -Agent B.  -Agent B.  -Agent B",```,1,0,0,0,0,1,0,0,0,0
"The alarm went off because the sensor malfunctioned. If the sensor had not malfunctioned, would the alarm still have triggered?",No,Counterfactual,Security,No,"_____________________________________

Please provide your answer. I'll be waiting!",No,1,0,1,0,1,0,0,0,1,0
"A false alarm occurred due to strong electromagnetic interference. If no interference had been present, would the alarm have triggered?",No,Counterfactual,Security,Yes,No,"```
```
```
```
```
```
```
```
```
```
```
```
```
```
```
```
```
```
```
```
```
```
```
```
```
```
```
```
```
```
```
```
```
```
```
```
```
```
```
```
```
```
```
```
```
```
```
```
```
```
```
```
```
```
```
```
```
```
```
```
```
```
```
```",0,1,0,0,0,0,1,0,0,0
"A false alarm happened after a power fluctuation. If the power had remained stable, would the alarm still have gone off?",No,Counterfactual,Security,Yes,"_____________________________________

Please provide your answer. I'll be waiting!","```
```
```
```
```
```
```
```
```
```
```
```
```
```
```
```
```
```
```
```
```
```
```
```
```
```
```
```
```
```
```
```
```
```
```
```
```
```
```
```
```
```
```
```
```
```
```
```
```
```
```
```
```
```
```
```
```
```
```
```
```
```
```
```",0,0,0,0,0,0,0,0,0,0
"When occupancy is mis-detected as zero, do lights often turn off unexpectedly?",Yes,Observational,Lighting,Yes,"_____________________________________

Please provide your answer.",No,1,0,0,0,0,1,0,0,0,0
Is incorrect occupancy detection frequently associated with rapid lighting toggles?,Yes,Observational,Lighting,Yes,No,No,1,0,0,0,0,1,0,0,0,1
"If we force the occupancy sensor to 'occupied' (do(occupancy=1)), will the lights remain ON regardless of detection errors?",Yes,Interventional,Lighting,Yes,"_____________________________________

Please provide your answer.  I will wait for your response.  Thank you.  Best regards.  -Agent B.  -Agent B.  -Agent B.  -Agent B.  -Agent B.  -Agent B.  -Agent B.  -Agent B.  -Agent B.  -Agent B.  -Agent B.  -Agent B.  -Agent B.  -Agent B.  -Agent B.  -Agent B.  -Agent B.  -Agent B.  -Agent B.  -Agent B.  -Agent B","```
```
```
```
```
```
```
```
```
```
```
```
```
```
```
```
```
```
```
```
```
```
```
```
```
```
```
```
```
```
```
```
```
```
```
```
```
```
```
```
```
```
```
```
```
```
```
```
```
```
```
```
```
```
```
```
```
```
```
```
```
```
```
```",1,0,0,0,0,1,0,0,0,0
"If we manually override the lights to ON (do(light=on)), will the anomaly of lights flickering stop?",Yes,Interventional,Lighting,Yes,"_____________________________________

Please provide your answer.","```
```
```
```
```
```
```
```
```
```
```
```
```
```
```
```
```
```
```
```
```
```
```
```
```
```
```
```
```
```
```
```
```
```
```
```
```
```
```
```
```
```
```
```
```
```
```
```
```
```
```
```
```
```
```
```
```
```
```
```
```
```
```
```",1,0,0,0,0,1,0,0,0,0
"Lights turned OFF because the system mis-detected zero occupancy. If the system had detected occupancy correctly, would the lights have stayed ON?",Yes,Counterfactual,Lighting,Yes,Yes,No,1,1,0,0,0,1,1,1,0,0
"The lights flickered because the occupancy sensor sent conflicting readings. If the sensor had not malfunctioned, would the lights still flicker?",No,Counterfactual,Lighting,Yes,No,No,0,1,1,1,0,0,0,0,0,1
